Datetime,Activation,ID,Kind,Start,Duration,Status,"Entity
"
2024-01-28,09:18:31,70cbeee330274fe08beee33027bfe0d5,blackbox,warm,2.083s,success,"guest/learner:0.0.1
"
2024-01-28,09:18:30,f3132d8cc8d043ed932d8cc8d003edae,blackbox,warm,2.337s,success,"guest/learner:0.0.1
"
2024-01-28,09:18:29,7bca4d53fbf841b98a4d53fbf821b91a,blackbox,warm,3.57s,success,"guest/learner:0.0.1
"
2024-01-28,09:18:28,ad3ade9c48ae411ebade9c48aec11e70,blackbox,warm,4.606s,success,"guest/learner:0.0.1
"
2024-01-28,09:18:28,189d78325ac542589d78325ac58258d6,blackbox,warm,2.665s,success,"guest/learner:0.0.1
"
2024-01-28,09:18:25,07d8228804f5499c98228804f5999c0f,blackbox,warm,3.468s,success,"guest/learner:0.0.1
"
2024-01-28,09:18:24,09270c2f08ca447aa70c2f08ca847a51,blackbox,warm,6.285s,success,"guest/learner:0.0.1
"
2024-01-28,09:18:24,c49f9b8b4fdc4beb9f9b8b4fdc9beb01,blackbox,warm,3.424s,success,"guest/learner:0.0.1
"
2024-01-28,09:18:21,bd49e25d8208404d89e25d8208204ddd,blackbox,warm,3.974s,success,"guest/learner:0.0.1
"
2024-01-28,09:18:21,edc24e477ef844a9824e477ef834a9b2,blackbox,warm,2.951s,success,"guest/learner:0.0.1
"
2024-01-28,09:18:21,888cddab0d2442078cddab0d24320723,blackbox,warm,3.234s,success,"guest/learner:0.0.1
"
2024-01-28,09:18:21,8d6b176afb1f4be1ab176afb1ffbe159,blackbox,warm,6.502s,success,"guest/learner:0.0.1
"
2024-01-28,09:18:18,e8abf8a4361f4480abf8a4361ff480ef,blackbox,warm,2.099s,success,"guest/learner:0.0.1
"
2024-01-28,09:18:16,f034bd02d2594877b4bd02d259387730,blackbox,warm,2.793s,success,"guest/learner:0.0.1
"
2024-01-28,09:18:15,2791df5dba4e47a791df5dba4ef7a753,blackbox,warm,3.981s,success,"guest/learner:0.0.1
"
2024-01-28,09:18:14,41579224865745ca9792248657a5ca0a,blackbox,warm,4.212s,success,"guest/learner:0.0.1
"
2024-01-28,09:18:12,2ba7f35ade3b488fa7f35ade3bc88fe7,blackbox,warm,3.864s,success,"guest/learner:0.0.1
"
2024-01-28,09:18:12,34a0233827c74e71a0233827c7ae71bc,blackbox,warm,7.814s,success,"guest/learner:0.0.1
"
2024-01-28,09:18:12,3e02fbea7d7c4c9b82fbea7d7c7c9b4f,blackbox,warm,3.388s,success,"guest/learner:0.0.1
"
2024-01-28,09:18:10,144977d59bed4f7a8977d59bed3f7a29,blackbox,warm,3.719s,success,"guest/learner:0.0.1
"
2024-01-28,09:18:07,19d211d3b57e4c0f9211d3b57e9c0fa0,blackbox,warm,3.348s,success,"guest/learner:0.0.1
"
2024-01-28,09:18:07,b11593d98e85477f9593d98e85d77f37,blackbox,warm,5.372s,success,"guest/learner:0.0.1
"
2024-01-28,09:18:07,688a6109f42b4b4b8a6109f42b2b4b76,blackbox,warm,5.359s,success,"guest/learner:0.0.1
"
2024-01-28,09:18:07,c4505e102659408c905e102659108caa,blackbox,warm,5.408s,success,"guest/learner:0.0.1
"
2024-01-28,09:18:02,af3f3a9ba7f2451ebf3a9ba7f2d51ed1,blackbox,warm,2.65s,success,"guest/learner:0.0.1
"
2024-01-28,09:18:01,498d6f162b97416a8d6f162b97216aa4,blackbox,warm,2.152s,success,"guest/learner:0.0.1
"
2024-01-28,09:18:01,9df397a8318644c3b397a83186f4c3bb,blackbox,warm,2.697s,success,"guest/learner:0.0.1
"
2024-01-28,09:17:59,64d78e50d5744aa7978e50d574faa799,blackbox,warm,2.581s,success,"guest/learner:0.0.1
"
2024-01-28,09:17:59,0e7bcc33e1f64d7fbbcc33e1f61d7f70,blackbox,warm,3.09s,success,"guest/learner:0.0.1
"
2024-01-28,09:17:58,f7cacdb645494fec8acdb645492fecde,blackbox,warm,3.356s,success,"guest/learner:0.0.1
"
2024-01-28,09:17:58,4d3121639ce046c4b121639ce066c45c,blackbox,warm,4.314s,success,"guest/learner:0.0.1
"
2024-01-28,09:17:57,73d1ba7ee4344b8e91ba7ee434cb8e69,blackbox,warm,1.928s,success,"guest/learner:0.0.1
"
2024-01-28,09:17:54,5b62ec105f254b50a2ec105f255b502e,blackbox,warm,4.024s,success,"guest/learner:0.0.1
"
2024-01-28,09:17:54,832cc187aba648c7acc187aba6f8c781,blackbox,warm,3.87s,success,"guest/learner:0.0.1
"
2024-01-28,09:17:54,58f0db7baefe4b2db0db7baefe7b2d3a,blackbox,warm,4.579s,success,"guest/learner:0.0.1
"
2024-01-28,09:17:54,0b8abd2ae0614a4c8abd2ae0615a4cb9,blackbox,warm,2.829s,success,"guest/learner:0.0.1
"
2024-01-28,09:17:49,8954e0dd8a2e4b6e94e0dd8a2edb6ea1,blackbox,warm,3.396s,success,"guest/learner:0.0.1
"
2024-01-28,09:17:49,b938252fc25845cbb8252fc258e5cbe1,blackbox,warm,3.429s,success,"guest/learner:0.0.1
"
2024-01-28,09:17:47,b99b610814a84f899b610814a8bf89bd,blackbox,warm,3.445s,success,"guest/learner:0.0.1
"
2024-01-28,09:17:47,7179c4f5301e4f3cb9c4f5301e9f3c3c,blackbox,warm,5.187s,success,"guest/learner:0.0.1
"
2024-01-28,09:17:47,25e0d7d290834c91a0d7d29083ec9136,blackbox,warm,1.885s,success,"guest/learner:0.0.1
"
2024-01-28,09:17:45,f7ccec2a25ba41fd8cec2a25bad1fd45,blackbox,warm,3.682s,success,"guest/learner:0.0.1
"
2024-01-28,09:17:44,795eb66dc9d44c559eb66dc9d42c553a,blackbox,warm,3.035s,success,"guest/learner:0.0.1
"
2024-01-28,09:17:44,d700ab1583dd4c9180ab1583dddc9176,blackbox,warm,2.802s,success,"guest/learner:0.0.1
"
2024-01-28,09:17:41,2c7fea3a54c44d0fbfea3a54c4dd0f29,blackbox,warm,2.634s,success,"guest/learner:0.0.1
"
2024-01-28,09:17:41,f8aed72a717c4a07aed72a717caa0737,blackbox,warm,3.745s,success,"guest/learner:0.0.1
"
2024-01-28,09:17:41,5a5721fd6ae44f7d9721fd6ae41f7dff,blackbox,warm,5.808s,success,"guest/learner:0.0.1
"
2024-01-28,09:17:41,25184e4f81e84ee9984e4f81e8bee9d8,blackbox,warm,2.453s,success,"guest/learner:0.0.1
"
2024-01-28,09:17:37,b90bc933d87f447b8bc933d87f847b9a,blackbox,warm,2.373s,success,"guest/learner:0.0.1
"
2024-01-28,09:17:37,7d9a4ad4b2f9466b9a4ad4b2f9766bd8,blackbox,warm,2.438s,success,"guest/learner:0.0.1
"
2024-01-28,09:17:35,1531c1b5ba6f4f1cb1c1b5ba6fbf1caf,blackbox,warm,2.781s,success,"guest/learner:0.0.1
"
2024-01-28,09:17:34,6475b104f9b74939b5b104f9b7693915,blackbox,warm,4.026s,success,"guest/learner:0.0.1
"
2024-01-28,09:17:32,68e0b239dd664ddfa0b239dd663ddf34,blackbox,warm,4.357s,success,"guest/learner:0.0.1
"
2024-01-28,09:17:32,a49efda136fe499a9efda136fe699a92,blackbox,warm,4.655s,success,"guest/learner:0.0.1
"
2024-01-28,09:17:32,d6f9a3a175e643fcb9a3a175e6b3fc69,blackbox,warm,3.697s,success,"guest/learner:0.0.1
"
2024-01-28,09:17:31,6454dec045a14aee94dec045a1baee48,blackbox,warm,2.509s,success,"guest/learner:0.0.1
"
2024-01-28,09:17:28,a0e967fc3d584bbca967fc3d584bbcb6,blackbox,warm,3.583s,success,"guest/learner:0.0.1
"
2024-01-28,09:17:28,605668c6f65446f79668c6f65456f755,blackbox,warm,4.235s,success,"guest/learner:0.0.1
"
2024-01-28,09:17:28,aaf404a69b2a4d68b404a69b2a6d684a,blackbox,warm,3.368s,success,"guest/learner:0.0.1
"
2024-01-28,09:17:28,4d090579abca4992890579abcad992d2,blackbox,warm,4.178s,success,"guest/learner:0.0.1
"
2024-01-28,09:17:23,c898e3004b4e407e98e3004b4eb07e1a,blackbox,warm,2.049s,success,"guest/learner:0.0.1
"
2024-01-28,09:17:23,059dfce208944ed09dfce208946ed070,blackbox,warm,1.411s,success,"guest/learner:0.0.1
"
2024-01-28,09:17:22,ead3e3a4e92a4af593e3a4e92a4af5a6,blackbox,warm,3.263s,success,"guest/learner:0.0.1
"
2024-01-28,09:17:20,4a0161cc5c2947ab8161cc5c2907ab6a,blackbox,warm,3.872s,success,"guest/learner:0.0.1
"
2024-01-28,09:17:19,7164500fbdf04130a4500fbdf0513097,blackbox,warm,4.152s,success,"guest/learner:0.0.1
"
2024-01-28,09:17:18,356badd2202c4796abadd2202c079612,blackbox,warm,5.09s,success,"guest/learner:0.0.1
"
2024-01-28,09:17:18,38c1687555454ddc8168755545bddcad,blackbox,warm,3.56s,success,"guest/learner:0.0.1
"
2024-01-28,09:17:17,8317c2afa2194d5097c2afa219cd50ec,blackbox,warm,2.651s,success,"guest/learner:0.0.1
"
2024-01-28,09:17:14,196460fd349047a2a460fd349007a252,blackbox,warm,4.89s,success,"guest/learner:0.0.1
"
2024-01-28,09:17:14,70960ab857384d75960ab857383d751f,blackbox,warm,2.51s,success,"guest/learner:0.0.1
"
2024-01-28,09:17:14,7c18390f6b3c41ff98390f6b3c31ff54,blackbox,warm,4.166s,success,"guest/learner:0.0.1
"
2024-01-28,09:17:14,98ed0047127c4165ad0047127c516599,blackbox,warm,4.043s,success,"guest/learner:0.0.1
"
2024-01-28,09:17:10,b242ae4689b947f982ae4689b937f9df,blackbox,warm,2.59s,success,"guest/learner:0.0.1
"
2024-01-28,09:17:10,21628a9a0e584d31a28a9a0e588d31c8,blackbox,warm,2.803s,success,"guest/learner:0.0.1
"
2024-01-28,09:17:09,f82b6fe1016745e4ab6fe1016705e491,blackbox,warm,3.228s,success,"guest/learner:0.0.1
"
2024-01-28,09:17:06,0cedeb6b9ab44d6eadeb6b9ab46d6e00,blackbox,warm,3.782s,success,"guest/learner:0.0.1
"
2024-01-28,09:17:05,d790c3f11bea4bcb90c3f11bea4bcbfd,blackbox,warm,7.174s,success,"guest/learner:0.0.1
"
2024-01-28,09:17:05,7926170925cc4a7ea6170925cc0a7e54,blackbox,warm,4.956s,success,"guest/learner:0.0.1
"
2024-01-28,09:17:05,bb0df0f3be284be78df0f3be28abe756,blackbox,warm,4.918s,success,"guest/learner:0.0.1
"
2024-01-28,09:17:02,28dc8c513d6f45529c8c513d6f65525a,blackbox,warm,3.985s,success,"guest/learner:0.0.1
"
2024-01-28,09:17:00,a7a40e5a4ea74650a40e5a4ea7665046,blackbox,warm,5.392s,success,"guest/learner:0.0.1
"
2024-01-28,09:17:00,105380a5e96e4e899380a5e96e9e898f,blackbox,warm,2.404s,success,"guest/learner:0.0.1
"
2024-01-28,09:17:00,739fc1cca27149ee9fc1cca27179eee2,blackbox,warm,4.755s,success,"guest/learner:0.0.1
"
2024-01-28,09:17:00,8bbeee86de20417bbeee86de20517bf2,blackbox,warm,4.9s,success,"guest/learner:0.0.1
"
2024-01-28,09:16:54,0f975f847f214158975f847f21015813,blackbox,warm,2.332s,success,"guest/learner:0.0.1
"
2024-01-28,09:16:54,e99c0341437347e19c03414373b7e1f3,blackbox,warm,2.542s,success,"guest/learner:0.0.1
"
2024-01-28,09:16:54,7ab586aec1d14f8eb586aec1d1ff8e96,blackbox,warm,2.106s,success,"guest/learner:0.0.1
"
2024-01-28,09:16:53,3187d9fe69364d9887d9fe69369d9862,blackbox,warm,2.36s,success,"guest/learner:0.0.1
"
2024-01-28,09:16:51,4e7fdf1353c4415abfdf1353c4915a51,blackbox,warm,2.929s,success,"guest/learner:0.0.1
"
2024-01-28,09:16:51,5113b6a806c04d2793b6a806c04d2773,blackbox,warm,2.996s,success,"guest/learner:0.0.1
"
2024-01-28,09:16:50,830cb519731b46f38cb519731bd6f3ce,blackbox,warm,3.676s,success,"guest/learner:0.0.1
"
2024-01-28,09:16:49,0f9aa0fe2ff644f59aa0fe2ff6d4f56d,blackbox,warm,5.639s,success,"guest/learner:0.0.1
"
2024-01-28,09:16:45,0663ef801bc94132a3ef801bc9d1325a,blackbox,warm,4.574s,success,"guest/learner:0.0.1
"
2024-01-28,09:16:45,d4cc22c4b7e94b178c22c4b7e9db17f1,blackbox,warm,3.374s,success,"guest/learner:0.0.1
"
2024-01-28,09:16:45,aca72b2ca82046e8a72b2ca82056e884,blackbox,warm,6.086s,success,"guest/learner:0.0.1
"
2024-01-28,09:16:45,8215d43bae4544b695d43bae4584b614,blackbox,warm,5.465s,success,"guest/learner:0.0.1
"
2024-01-28,09:16:42,dd21d765e49b4095a1d765e49bb09518,blackbox,warm,1.521s,success,"guest/learner:0.0.1
"
2024-01-28,09:16:41,de5c7f19d4844f719c7f19d4846f715e,blackbox,warm,2.026s,success,"guest/learner:0.0.1
"
2024-01-28,09:16:39,fafb96a4f07040e6bb96a4f070e0e62c,blackbox,warm,3.653s,success,"guest/learner:0.0.1
"
2024-01-28,09:16:38,db10ae67a69348e690ae67a693b8e61b,blackbox,warm,3.331s,success,"guest/learner:0.0.1
"
2024-01-28,09:16:38,e4d6553c46d14b1896553c46d14b18d4,blackbox,warm,4.72s,success,"guest/learner:0.0.1
"
2024-01-28,09:16:36,e5d57e2a781146ff957e2a781106ff0a,blackbox,warm,6.069s,success,"guest/learner:0.0.1
"
2024-01-28,09:16:35,d734a271247a46bcb4a271247a06bc08,blackbox,warm,3.777s,success,"guest/learner:0.0.1
"
2024-01-28,09:16:34,67fbca319e944c31bbca319e94ac316b,blackbox,warm,3.193s,success,"guest/learner:0.0.1
"
2024-01-28,09:16:32,17bc12f3cc2d4495bc12f3cc2d249593,blackbox,warm,3.643s,success,"guest/learner:0.0.1
"
2024-01-28,09:16:32,39edeb19724a4028adeb19724a1028fa,blackbox,warm,6.528s,success,"guest/learner:0.0.1
"
2024-01-28,09:16:32,4f4ad129932440958ad12993247095d5,blackbox,warm,4.655s,success,"guest/learner:0.0.1
"
2024-01-28,09:16:31,f0ef184e562e45edaf184e562e05edf0,blackbox,warm,2.837s,success,"guest/learner:0.0.1
"
2024-01-28,09:16:27,50d45217acec48a2945217acec98a223,blackbox,warm,2.283s,success,"guest/learner:0.0.1
"
2024-01-28,09:16:26,ceb5d187e9d945e9b5d187e9d9a5e9c5,blackbox,warm,3.239s,success,"guest/learner:0.0.1
"
2024-01-28,09:16:25,8808b5defd2d405a88b5defd2de05a28,blackbox,warm,3.858s,success,"guest/learner:0.0.1
"
2024-01-28,09:16:23,17135b1b768f4637935b1b768f46377d,blackbox,warm,6.532s,success,"guest/learner:0.0.1
"
2024-01-28,09:16:23,2991852907d2475c91852907d2875c30,blackbox,warm,4.752s,success,"guest/learner:0.0.1
"
2024-01-28,09:16:22,7a21abf17ab14cf5a1abf17ab11cf52c,blackbox,warm,3.813s,success,"guest/learner:0.0.1
"
2024-01-28,09:16:21,4448cc96a0c14ca388cc96a0c1eca3a8,blackbox,warm,5.511s,success,"guest/learner:0.0.1
"
2024-01-28,09:16:19,de67f9f4649b4b76a7f9f4649b9b76e0,blackbox,warm,3.673s,success,"guest/learner:0.0.1
"
2024-01-28,09:16:17,e01de5249ce6453d9de5249ce6b53d07,blackbox,warm,4.532s,success,"guest/learner:0.0.1
"
2024-01-28,09:16:17,15bc2388ecea4b67bc2388ecea7b6769,blackbox,warm,5.601s,success,"guest/learner:0.0.1
"
2024-01-28,09:16:17,60efc6fcaeb94673afc6fcaeb9867300,blackbox,warm,3.878s,success,"guest/learner:0.0.1
"
2024-01-28,09:16:17,73789d7b8ea04396b89d7b8ea053961a,blackbox,warm,2.134s,success,"guest/learner:0.0.1
"
2024-01-28,09:16:11,7af4293213b1488eb4293213b1b88e8c,blackbox,warm,2.935s,success,"guest/learner:0.0.1
"
2024-01-28,09:16:11,4653877adfe3406c93877adfe3406c70,blackbox,warm,3.087s,success,"guest/learner:0.0.1
"
2024-01-28,09:16:10,eaa98ef6df664b0ba98ef6df660b0b67,blackbox,warm,3.175s,success,"guest/learner:0.0.1
"
2024-01-28,09:16:09,539c4eb672bd49449c4eb672bdc944c3,blackbox,warm,3.207s,success,"guest/learner:0.0.1
"
2024-01-28,09:16:08,705fd183fe554e739fd183fe553e735e,blackbox,warm,3.159s,success,"guest/learner:0.0.1
"
2024-01-28,09:16:08,774d37efca0347a08d37efca0317a0db,blackbox,warm,3.302s,success,"guest/learner:0.0.1
"
2024-01-28,09:16:07,3b0e4824e0e646db8e4824e0e6c6db8a,blackbox,warm,2.127s,success,"guest/learner:0.0.1
"
2024-01-28,09:16:07,384ae42e59fb44288ae42e59fba4289f,blackbox,warm,2.79s,success,"guest/learner:0.0.1
"
2024-01-28,09:16:04,0baba6b7a2854f7baba6b7a285df7b38,blackbox,warm,3.142s,success,"guest/learner:0.0.1
"
2024-01-28,09:16:04,3719257203ff42c199257203ffd2c1ca,blackbox,warm,2.933s,success,"guest/learner:0.0.1
"
2024-01-28,09:16:04,9ac726b8b7c54a518726b8b7c52a51f6,blackbox,warm,3.262s,success,"guest/learner:0.0.1
"
2024-01-28,09:16:04,30aa878013a4443daa878013a4e43d7f,blackbox,warm,3.016s,success,"guest/learner:0.0.1
"
2024-01-28,09:15:59,72aa1eaf1e8c409daa1eaf1e8c909de4,blackbox,warm,2.727s,success,"guest/learner:0.0.1
"
2024-01-28,09:15:59,0797246431d34d1897246431d3cd1816,blackbox,warm,2.977s,success,"guest/learner:0.0.1
"
2024-01-28,09:15:58,d2ffa2701ce24a00bfa2701ce28a00fc,blackbox,warm,3.704s,success,"guest/learner:0.0.1
"
2024-01-28,09:15:57,48d6f91fe8ca468e96f91fe8ca068ecb,blackbox,warm,3.141s,success,"guest/learner:0.0.1
"
2024-01-28,09:15:55,01b095f73e5c4902b095f73e5c9902ea,blackbox,warm,3.324s,success,"guest/learner:0.0.1
"
2024-01-28,09:15:55,3d2fbbae31814566afbbae3181356634,blackbox,warm,3.085s,success,"guest/learner:0.0.1
"
2024-01-28,09:15:55,770d4e8bc77f477d8d4e8bc77f877d99,blackbox,warm,4.147s,success,"guest/learner:0.0.1
"
2024-01-28,09:15:54,060ad0d9d7f7486e8ad0d9d7f7486ee8,blackbox,warm,3.247s,success,"guest/learner:0.0.1
"
2024-01-28,09:15:51,23694aee5e874794a94aee5e87879458,blackbox,warm,3.783s,success,"guest/learner:0.0.1
"
2024-01-28,09:15:51,ee4ad927125c4f7e8ad927125cff7e75,blackbox,warm,3.141s,success,"guest/learner:0.0.1
"
2024-01-28,09:15:51,e29de5495eef4f1b9de5495eef1f1ba0,blackbox,warm,3.96s,success,"guest/learner:0.0.1
"
2024-01-28,09:15:51,34af06a3170841a1af06a3170851a132,blackbox,warm,4.744s,success,"guest/learner:0.0.1
"
2024-01-28,09:15:45,5f907019f74845bc907019f748e5bc7d,blackbox,warm,3.46s,success,"guest/learner:0.0.1
"
2024-01-28,09:15:44,3e677a2e195640a5a77a2e195610a548,blackbox,warm,4.385s,success,"guest/learner:0.0.1
"
2024-01-28,09:15:44,f7c0aee74ecf40b080aee74ecf70b0a6,blackbox,warm,4.166s,success,"guest/learner:0.0.1
"
2024-01-28,09:15:44,9d000528315942b9800528315982b98d,blackbox,warm,4.635s,success,"guest/learner:0.0.1
"
2024-01-28,09:15:42,434ebcb1123948238ebcb11239f8236e,blackbox,warm,2.917s,success,"guest/learner:0.0.1
"
2024-01-28,09:15:41,46860687cece4cb7860687cece4cb7c1,blackbox,warm,2.357s,success,"guest/learner:0.0.1
"
2024-01-28,09:15:41,c1e5bbb9fb684f64a5bbb9fb68ef64a9,blackbox,warm,3.053s,success,"guest/learner:0.0.1
"
2024-01-28,09:15:40,96f729c1240b4ef3b729c1240b1ef303,blackbox,warm,4.398s,success,"guest/learner:0.0.1
"
2024-01-28,09:15:37,92d82f928b3443a5982f928b3463a56c,blackbox,warm,3.706s,success,"guest/learner:0.0.1
"
2024-01-28,09:15:37,cc9f60f916ec4fd89f60f916ecffd8eb,blackbox,warm,4.121s,success,"guest/learner:0.0.1
"
2024-01-28,09:15:37,75a3093ef95a4bb3a3093ef95a6bb393,blackbox,warm,5.294s,success,"guest/learner:0.0.1
"
2024-01-28,09:15:37,85d8ca004dbb447198ca004dbbf4716d,blackbox,warm,2.804s,success,"guest/learner:0.0.1
"
2024-01-28,09:15:33,e083b3a60b474f4f83b3a60b470f4f5d,blackbox,warm,2.904s,success,"guest/learner:0.0.1
"
2024-01-28,09:15:33,b649ba3488e04ba689ba3488e05ba688,blackbox,warm,1.686s,success,"guest/learner:0.0.1
"
2024-01-28,09:15:32,f8e37c1a075e4569a37c1a075e4569ef,blackbox,warm,2.858s,success,"guest/learner:0.0.1
"
2024-01-28,09:15:31,dfdb58fb49ca4c289b58fb49cacc289e,blackbox,warm,2.447s,success,"guest/learner:0.0.1
"
2024-01-28,09:15:30,586ca9bc42eb4a0aaca9bc42ebda0afe,blackbox,warm,4.386s,success,"guest/learner:0.0.1
"
2024-01-28,09:15:28,2e97727292a04a7197727292a0aa712e,blackbox,warm,5.266s,success,"guest/learner:0.0.1
"
2024-01-28,09:15:27,d54a95e0212f4e678a95e0212f8e6715,blackbox,warm,3.266s,success,"guest/learner:0.0.1
"
2024-01-28,09:15:27,061ea5ece9cc415a9ea5ece9cc215a2a,blackbox,warm,4.81s,success,"guest/learner:0.0.1
"
2024-01-28,09:15:25,5e29f67f4d1a4511a9f67f4d1af51177,blackbox,warm,5.52s,success,"guest/learner:0.0.1
"
2024-01-28,09:15:25,e4ebe6c02024448babe6c02024148b4d,blackbox,warm,2.858s,success,"guest/learner:0.0.1
"
2024-01-28,09:15:25,84f2a7c0389540f4b2a7c0389520f431,blackbox,warm,3.659s,success,"guest/learner:0.0.1
"
2024-01-28,09:15:25,c33c5549ecf14b85bc5549ecf10b8599,blackbox,warm,2.903s,success,"guest/learner:0.0.1
"
2024-01-28,09:15:21,95815ac03ad3414e815ac03ad3a14e2c,blackbox,warm,1.541s,success,"guest/learner:0.0.1
"
2024-01-28,09:15:19,3e6ed7b8d61f4b8baed7b8d61f1b8b42,blackbox,warm,2.614s,success,"guest/learner:0.0.1
"
2024-01-28,09:15:19,7321e9faac234c0aa1e9faac233c0a36,blackbox,warm,3.146s,success,"guest/learner:0.0.1
"
2024-01-28,09:15:19,3ceefaaada214ba5aefaaada211ba510,blackbox,warm,2.73s,success,"guest/learner:0.0.1
"
2024-01-28,09:15:17,b81468caca1c42589468caca1c425822,blackbox,warm,3.63s,success,"guest/learner:0.0.1
"
2024-01-28,09:15:17,0752f9e5cbe5455b92f9e5cbe5e55b14,blackbox,warm,2.233s,success,"guest/learner:0.0.1
"
2024-01-28,09:15:15,60429d83d8e543dd829d83d8e5a3dd28,blackbox,warm,3.249s,success,"guest/learner:0.0.1
"
2024-01-28,09:15:15,06e1fe157e3a4efda1fe157e3aaefd7c,blackbox,warm,4.184s,success,"guest/learner:0.0.1
"
2024-01-28,09:15:13,3d388ced7c544f34b88ced7c549f34a4,blackbox,warm,2.419s,success,"guest/learner:0.0.1
"
2024-01-28,09:15:13,8452a37fae7a48b792a37fae7a68b791,blackbox,warm,3.64s,success,"guest/learner:0.0.1
"
2024-01-28,09:15:13,630a9684ab2048ff8a9684ab2078ff7c,blackbox,warm,4.273s,success,"guest/learner:0.0.1
"
2024-01-28,09:15:13,308d3a98b8bd46698d3a98b8bd7669b6,blackbox,warm,1.859s,success,"guest/learner:0.0.1
"
2024-01-28,09:15:08,9965c9f6c2174c01a5c9f6c217fc01c6,blackbox,warm,1.909s,success,"guest/learner:0.0.1
"
2024-01-28,09:15:08,05079036f4534e3b879036f453be3bbd,blackbox,warm,2.011s,success,"guest/learner:0.0.1
"
2024-01-28,09:15:07,db25f7ebe8214ad3a5f7ebe8214ad379,blackbox,warm,2.021s,success,"guest/learner:0.0.1
"
2024-01-28,09:15:06,cfd215344925499d9215344925099db2,blackbox,warm,2.49s,success,"guest/learner:0.0.1
"
2024-01-28,09:15:05,db1526a8b3ea42069526a8b3ea820662,blackbox,warm,3.354s,success,"guest/learner:0.0.1
"
2024-01-28,09:15:05,d0fa1dfc7b5a4252ba1dfc7b5a225286,blackbox,warm,3.058s,success,"guest/learner:0.0.1
"
2024-01-28,09:15:03,fdb3f2176ba549b6b3f2176ba5a9b6b0,blackbox,warm,3.843s,success,"guest/learner:0.0.1
"
2024-01-28,09:15:03,dae897fe42b64664a897fe42b61664c1,blackbox,warm,3.565s,success,"guest/learner:0.0.1
"
2024-01-28,09:15:00,771836ddad4f41c49836ddad4fb1c42a,blackbox,warm,5.006s,success,"guest/learner:0.0.1
"
2024-01-28,09:14:59,dc45e57c2d64407385e57c2d64b0732a,blackbox,warm,5.164s,success,"guest/learner:0.0.1
"
2024-01-28,09:14:59,7f809942b8704f3b809942b870ef3bcd,blackbox,warm,3.258s,success,"guest/learner:0.0.1
"
2024-01-28,09:14:59,9e897a647d8640f7897a647d86e0f731,blackbox,warm,4.074s,success,"guest/learner:0.0.1
"
2024-01-28,09:14:57,01ee7403379c413dae7403379c313d61,blackbox,warm,1.199s,success,"guest/learner:0.0.1
"
2024-01-28,09:14:54,bb8cdef3a7cc429f8cdef3a7ccd29fca,blackbox,warm,3.217s,success,"guest/learner:0.0.1
"
2024-01-28,09:14:53,a6194bcc91f54638994bcc91f5f63827,blackbox,warm,4.239s,success,"guest/learner:0.0.1
"
2024-01-28,09:14:52,61ceea2e4ec344bf8eea2e4ec394bfdf,blackbox,warm,5.093s,success,"guest/learner:0.0.1
"
2024-01-28,09:14:52,4893f596dc3841ec93f596dc3801ec9a,blackbox,warm,5.436s,success,"guest/learner:0.0.1
"
2024-01-28,09:14:51,c8d961c433b848689961c433b848680f,blackbox,warm,2.457s,success,"guest/learner:0.0.1
"
2024-01-28,09:14:51,2bc31e04c30c42d0831e04c30c32d014,blackbox,warm,2.604s,success,"guest/learner:0.0.1
"
2024-01-28,09:14:48,17e16ed51d9643f0a16ed51d9693f028,blackbox,warm,3.422s,success,"guest/learner:0.0.1
"
2024-01-28,09:14:45,5d2fb018dc624f7bafb018dc629f7bb1,blackbox,warm,6.029s,success,"guest/learner:0.0.1
"
2024-01-28,09:14:45,4097eb09aa534c2b97eb09aa53ac2b56,blackbox,warm,5.767s,success,"guest/learner:0.0.1
"
2024-01-28,09:14:45,3333d13fbde54022b3d13fbde54022cd,blackbox,warm,6.785s,success,"guest/learner:0.0.1
"
2024-01-28,09:14:45,a7483a9b96844c20883a9b96843c2020,blackbox,warm,3.52s,success,"guest/learner:0.0.1
"
2024-01-28,09:14:42,9105a347f5394df785a347f5397df7fa,blackbox,warm,1.376s,success,"guest/learner:0.0.1
"
2024-01-28,09:14:39,2e4b74d229ee4fb48b74d229ee6fb460,blackbox,warm,2.887s,success,"guest/learner:0.0.1
"
2024-01-28,09:14:38,06f49b6ef1a44009b49b6ef1a4c00946,blackbox,warm,3.466s,success,"guest/learner:0.0.1
"
2024-01-28,09:14:38,84eccdcdd0cc4000accdcdd0cc100015,blackbox,warm,3.511s,success,"guest/learner:0.0.1
"
2024-01-28,09:14:36,c469ed5bef3b42a7a9ed5bef3b72a7c1,blackbox,warm,3.075s,success,"guest/learner:0.0.1
"
2024-01-28,09:14:36,46c71620308e4b32871620308e1b3244,blackbox,warm,5.548s,success,"guest/learner:0.0.1
"
2024-01-28,09:14:35,18b08a9e7ead462bb08a9e7eadf62b63,blackbox,warm,3.842s,success,"guest/learner:0.0.1
"
2024-01-28,09:14:34,d2747298455b4b23b47298455bcb234a,blackbox,warm,3.799s,success,"guest/learner:0.0.1
"
2024-01-28,09:14:32,fd6339a8d4f540bfa339a8d4f5c0bff9,blackbox,warm,2.159s,success,"guest/learner:0.0.1
"
2024-01-28,09:14:32,7f10ea2700134fb890ea2700135fb8b3,blackbox,warm,3.982s,success,"guest/learner:0.0.1
"
2024-01-28,09:14:32,db0ae51912de4bfc8ae51912de0bfcf7,blackbox,warm,4.057s,success,"guest/learner:0.0.1
"
2024-01-28,09:14:32,b8da3e26bbd044879a3e26bbd0d48735,blackbox,warm,1.907s,success,"guest/learner:0.0.1
"
2024-01-28,09:14:27,07cb496a5edd4a628b496a5edd5a62cc,blackbox,warm,3.457s,success,"guest/learner:0.0.1
"
2024-01-28,09:14:27,8e1d5172315e4e759d5172315eae75a0,blackbox,warm,3.304s,success,"guest/learner:0.0.1
"
2024-01-28,09:14:26,9340f13bd2a54b4880f13bd2a54b48c4,blackbox,warm,3.998s,success,"guest/learner:0.0.1
"
2024-01-28,09:14:25,92d1967ee2a84bc391967ee2a8bbc3fa,blackbox,warm,5.57s,success,"guest/learner:0.0.1
"
2024-01-28,09:14:22,585b5548117e472a9b5548117e272af3,blackbox,warm,4.813s,success,"guest/learner:0.0.1
"
2024-01-28,09:14:22,5e592f561dc34ec4992f561dc32ec409,blackbox,warm,4.386s,success,"guest/learner:0.0.1
"
2024-01-28,09:14:21,91e345d703514299a345d703516299df,blackbox,warm,5.718s,success,"guest/learner:0.0.1
"
2024-01-28,09:14:21,4807c6bd44f7426387c6bd44f78263be,blackbox,warm,3.273s,success,"guest/learner:0.0.1
"
2024-01-28,09:14:19,6e3541acaa214f7ab541acaa21ff7aff,blackbox,warm,3.637s,success,"guest/learner:0.0.1
"
2024-01-28,09:14:19,0de653fe36394385a653fe36398385c1,blackbox,warm,2.643s,success,"guest/learner:0.0.1
"
2024-01-28,09:14:19,5b66ec8c9ae643eca6ec8c9ae6f3ec87,blackbox,warm,3.02s,success,"guest/learner:0.0.1
"
2024-01-28,09:14:19,64bfa147e3624fafbfa147e362bfaf0a,blackbox,warm,2.749s,success,"guest/learner:0.0.1
"
2024-01-28,09:14:15,8eb5ebdfb28f4996b5ebdfb28fb996d8,blackbox,warm,2.387s,success,"guest/learner:0.0.1
"
2024-01-28,09:14:14,84408b2ca97e4458808b2ca97e345833,blackbox,warm,3.135s,success,"guest/learner:0.0.1
"
2024-01-28,09:14:13,c1971306d6af4a51971306d6afaa5178,blackbox,warm,4.214s,success,"guest/learner:0.0.1
"
2024-01-28,09:14:12,2149ad1a6bfb426a89ad1a6bfb526af0,blackbox,warm,2.923s,success,"guest/learner:0.0.1
"
2024-01-28,09:14:11,fceed925309f4ca8aed925309faca86f,blackbox,warm,4.442s,success,"guest/learner:0.0.1
"
2024-01-28,09:14:10,3d9848f63b024ff39848f63b021ff36c,blackbox,warm,3.46s,success,"guest/learner:0.0.1
"
2024-01-28,09:14:09,1540590dd04e42b180590dd04e82b127,blackbox,warm,2.149s,success,"guest/learner:0.0.1
"
2024-01-28,09:14:08,f2e7a0a9d4d54155a7a0a9d4d51155ec,blackbox,warm,4.15s,success,"guest/learner:0.0.1
"
2024-01-28,09:14:07,ccb0456232594504b04562325965042a,blackbox,cold,7.503s,success,"guest/learner:0.0.1
"
2024-01-28,09:14:05,b205387e866f4d5a85387e866f7d5ade,blackbox,warm,3.237s,success,"guest/learner:0.0.1
"
2024-01-28,09:14:05,40daebf0d3774ef49aebf0d377bef4fa,blackbox,warm,3.844s,success,"guest/learner:0.0.1
"
2024-01-28,09:14:05,a64996e7aee346118996e7aee38611d9,blackbox,warm,4.845s,success,"guest/learner:0.0.1
"
